source_dept_id,source_dept_name,name,userid,title,mobile,dept_id_list
673341699,设计研究院片区,小研,026962156936761317,,13218075220,"673341699,992200213"
673341699,设计研究院片区,袁德义,01411533482634361779,,15150690486,"673341699,986514064,992200213,1063717507"
673341699,设计研究院片区,王佳诚,01194102494329091730,焊工,13813063343,"986514064,992200213,673341699,1062587371"
921499431,安装一分公司,张义诚,656415074124059345,,13921093199,"921499431,986514064,695333709"
115356366,设计研究院,夏斐,2010039,经理,15301585299,"115356366,842319110,916456296,992200213"
115356366,设计研究院,沙莉,1654391439895504,,13770779224,"115356366,1022723846,842319110"
115356366,设计研究院,汤冉,2534605863881061,,13605163014,"115356366,917593636,992200213,993244258"
115356366,设计研究院,王顺清,073538596729663638,,15062201504,"115356367,115356366,992200213"
115356366,设计研究院,张笑,010706424816786417,,18151306531,"115356366,917593636,992200213,993244258"
115356366,设计研究院,张哲宇,306549521524099829,,15150579550,"115356366,917593636,842319110,992200213"
115356366,设计研究院,林威,033126314807277067761,,18402561426,"115356366,917593636,842319110,992200213"
115356366,设计研究院,杨刘洋,01272123102726119003,管道工程师,15090696093,"695456497,404616207,1002985414,115356366,992200213"
115356366,设计研究院,聂礼响,01684859421032537299,普工,19052591237,"1033224026,115356366,695333709,992200213,1062587371"
695456497,设计研究院_联培,王思浩,2017039,技术负责人,18761812183,"404616207,695456497,1002985414,1006635063,992200213"
695456497,设计研究院_联培,王朝阳,01440845443829282177,,15225499951,"563704094,695456497"
695456497,设计研究院_联培,朱家亮,290660370026134697,结构工程师,15295378185,"695456497,910900854,917593636,920097226,975390364,993244258,1002985414,992200213"
695456497,设计研究院_联培,伍冰艳,544418452620129424,(管道排产工程师）Pipeline Scheduling Engineer,13768039580,"695456497,826048386,824362787,917593636,999778331,992200213"
695456497,设计研究院_联培,吴昊,2830435835694358,(管道排产工程师）Pipeline Scheduling Engineer,18118250608,"695456497,910900854,472691462,917593636,695333709,992200213,1073177261"
695456497,设计研究院_联培,蔡正荣,033636643933637697,合同控制经理,18914755925,"695456497,824362787,917593636,826154885,999778331,1002985414,992200213"
695456497,设计研究院_联培,王子夜,304917603429172887,(管道数据技术员） Pipeline Data Technician,17826272190,"695456497,992200213"
695456497,设计研究院_联培,陈家乐,02376011544137719458,(管道数据技术员） Pipeline Data Technician,17315135601,"695456497,992200213"
695456497,设计研究院_联培,邵瑞刚,01082747393936544753,(管道数据技术员） Pipeline Data Technician,17312266506,"695456497,992200213"
695456497,设计研究院_联培,夏诚,023367500210742571,(管道数据技术员） Pipeline Data Technician,19116948604,"695456497,992200213"
695456497,设计研究院_联培,卢佳华,01082046086021165341,管道主管,16651621520,"695456497,917593636,695333709,1005728052,992200213"
695456497,设计研究院_联培,叶德镇,01484508683921453542,管道技术员,19802676911,"695456497,925522274,404616207,1006635063,992200213"
695456497,设计研究院_联培,蒋贵成,02192006036833753414,,17311801482,"404616207,695456497,1006635063,992200213"
695456497,设计研究院_联培,唐凯航,01295664001421610283,电气工程师,18951817956,"695456497,992200213,1002985414"
695456497,设计研究院_联培,冯康,2906595237672488,电仪工程师,18212840449,"695456497,1002985414,1006635063,992200213"
695456497,设计研究院_联培,董如明,2018149,(管道排产工程师）Pipeline Scheduling Engineer,18405510069,"911392073,695456497,917593636,695333709,992200213,1073177261"
695456497,设计研究院_联培,杨刘洋,01272123102726119003,管道工程师,15090696093,"695456497,404616207,1002985414,115356366,992200213"
695456497,设计研究院_联培,袁成智,01085309060334386603,安全经理,15105182661,"975390364,695456497,404616207,917593636,1002985414,992200213"
695456497,设计研究院_联培,吴元昊,01465202605021386331,,18861953983,695456497
695456497,设计研究院_联培,孙嘉堃,01102120190623178291,管道工程师,18352794533,"405991742,404616207,695456497,992200213,1002985414"
695456497,设计研究院_联培,周义洋,212215061921414474,,19972895591,"404616207,695456497,1006635063,992200213"
695456497,设计研究院_联培,任俊浩,372011182820091674,施工经理,18851018388,"472691462,826250007,925522274,1025206770,695456497,992200213,1075346081"
1022723846,数据组(氚云权限),沙雪平,274262510127938594,(管道数据技术员） Pipeline Data Technician,15951777873,"917593636,1022723846,842319110"
1022723846,数据组(氚云权限),姜颖,6740031259752186,(管道数据技术员） Pipeline Data Technician,13770817236,"917593636,1022723846,695610336"
1022723846,数据组(氚云权限),张丽妹,274265386924046140,(管道数据技术员） Pipeline Data Technician,13813030878,"695434499,917593636,1022723846"
1022723846,数据组(氚云权限),吴冠桦,01336668441221389818,,13002523251,"1022723846,842319110"
1022723846,数据组(氚云权限),殷玉善,226029003227438354,(管道数据技术员） Pipeline Data Technician,15715173753,"695434499,917593636,1022723846"
1022723846,数据组(氚云权限),粟翠萍,02581653394731707404,,13653751101,1022723846
1022723846,数据组(氚云权限),刘芬,0344661162684948,,13602796498,1022723846
1022723846,数据组(氚云权限),沙莉,1654391439895504,,13770779224,"115356366,1022723846,842319110"
1022723846,数据组(氚云权限),陆青,21501433531231308,,15380979309,"992200213,1022723846"
826154885,永利重工,蔡芙蓉,274409455833822257,(管道排产工程师）Pipeline Scheduling Engineer,15189788757,"826154885,992200213,999778331"
826154885,永利重工,陈苏宁,01081016661738033114,,18114034850,"826154885,917593636,999778331"
826154885,永利重工,蔡正荣,033636643933637697,合同控制经理,18914755925,"695456497,824362787,917593636,826154885,999778331,1002985414,992200213"
992200213,氚云授权,小研,026962156936761317,,13218075220,"673341699,992200213"
992200213,氚云授权,BIM,01300641684965766,,17372245101,992200213
992200213,氚云授权,设计研究院小究,0210253834091601188932,,18365259653,"925263529,992200213"
992200213,氚云授权,设计研究院机器人二号,025345690036-796895014,,18360458970,992200213
992200213,氚云授权,陈永奇,283147491937853271,(管道技术员)Piping technician,18056260907,"916526421,979987097,992200213,695333709,917593636"
992200213,氚云授权,薛磊磊,01471922510533858587,(管道技术员)Piping technician,19135850543,"979987097,992200213"
992200213,氚云授权,葛庆余,01434238415533332014,瓦工,17314410111,"991060831,992200213"
992200213,氚云授权,瞿卫,0115492103971660,,13813914390,"701329132,925522274,992200213,1025206770,1075346081"
992200213,氚云授权,楼欣宇,02321006041026824512,,13962514291,"925522274,472691462,992200213,1025206770,1075346081"
992200213,氚云授权,甘莹,2016020308962977,(管道数据技术员） Pipeline Data Technician,15507776764,"965585697,917593636,992200213,695333709"
992200213,氚云授权,余秀艳,01094820032120520396,,13451806224,"992200213,986514064,695434499,1064084350"
992200213,氚云授权,赵永丽,125615154735679546,(库管) Warehouse Manager,15195827569,"917663337,916456296,986514064,992200213"
992200213,氚云授权,蔡进,22274246081093338,(材料员)Material handler,15951781225,"917663337,992200213,993244258"
992200213,氚云授权,赵尊须,320952632235570150,(管道工程师) Piping Engineer,18361482945,"986514064,992200213,695434499,1064024448"
992200213,氚云授权,卞晓芳,171259451421355166,(采购经理) Procurement Manager,15895811599,"917663337,992200213"
992200213,氚云授权,吴兰浩,01031916565621389613,(材料员)Material handler,18251998172,"992200213,695333709"
992200213,氚云授权,杨志伟,01185550216126220432,,18105175392,"986514064,992200213,695434499,1063717507"
992200213,氚云授权,李明,3212476712845952,普工,13913956576,"986514064,992200213,1063681482"
992200213,氚云授权,彭文,3212365462783290,队长,13952056390,"932009202,986514064,992200213,695434499,1063681482"
992200213,氚云授权,王玮,2504281333946563,(安全经理) Safety Manager,13851463164,"917715128,916456296,986514064,992200213,1064024426"
992200213,氚云授权,蔡芙蓉,274409455833822257,(管道排产工程师）Pipeline Scheduling Engineer,15189788757,"826154885,992200213,999778331"
992200213,氚云授权,李萍,0330306535853631,,13813353124,992200213
992200213,氚云授权,陆青,21501433531231308,,15380979309,"992200213,1022723846"
992200213,氚云授权,黄云,0321665804141280077,,18751812710,992200213
992200213,氚云授权,李露,0858222148858532,,18014729002,"404616207,992200213"
992200213,氚云授权,岳强,021767260210760039,材料工程师,19952120438,"404616207,992200213,1002985414,1006635063"
992200213,氚云授权,熊景岳,113324581228770081,,18251996625,"404616207,992200213,1006635063"
992200213,氚云授权,唐凯航,01295664001421610283,电气工程师,18951817956,"695456497,992200213,1002985414"
992200213,氚云授权,陈祖俊,060202305037954940,施工经理,13951071005,"404616207,992200213,1006635063"
992200213,氚云授权,陆涛,45014955551220629,文控,17551708521,"404616207,992200213,1002985414"
992200213,氚云授权,刘练,2657210238683947,材料经理,15195837955,"404616207,992200213,1002985414,1006635063"
992200213,氚云授权,方小红,310728172625788396,,13914706989,"975301436,992200213"
992200213,氚云授权,孙嘉堃,01102120190623178291,管道工程师,18352794533,"405991742,404616207,695456497,992200213,1002985414"
992200213,氚云授权,李辉,0906133609856571,(管道工程师) Piping Engineer,13952059151,"563279726,992200213"
992200213,氚云授权,李茂平,252247273526478463,经理,13585151988,"404616207,992200213,1006635063"
992200213,氚云授权,李小明,01296662363926171309,管道工程师,15751799622,"404616207,992200213,1006635063"
992200213,氚云授权,陈思源,334013441537762651,,18234616608,992200213
992200213,氚云授权,濮春杰,340160083528373593,,18805195119,992200213
992200213,氚云授权,周文广,280613216421595200,,18013973615,"404616207,1006635063,992200213"
992200213,氚云授权,胡天锋,502836121632452003,安全员,18851923919,"925522274,992200213,1006635063,1075346081"
992200213,氚云授权,朱金华,02156730506026565262,队长,13862964987,"826787172,1002829687,992200213"
992200213,氚云授权,张金金,692126531324596800,,18652238127,"404616207,1006635063,992200213"
992200213,氚云授权,施李玉璋,011327063738802269544,,18305280818,"404616207,1006635063,992200213"
992200213,氚云授权,张贞,015554260232791038,,18356075197,992200213
992200213,氚云授权,舒怀,0216270724381056814,管道工程师,13813024045,"826250007,826173059,925522274,1006635063,992200213,1075346081"
992200213,氚云授权,江晨阳,290659261127512170,(管道排产工程师）Pipeline Scheduling Engineer,18052129406,"917593636,992200213,695333709"
992200213,氚云授权,张恒,6467092536779570,进度工程师,17853494876,"563279726,992200213"
992200213,氚云授权,何佳宁,01564549081520170883,,13266730031,"404616207,1006635063,992200213"
992200213,氚云授权,刘洋,2166474149679411,,15042194574,992200213
992200213,氚云授权,王晓海,01160404213829265487,,15186380494,"404616207,1006635063,992200213"
992200213,氚云授权,吴有鹏,01235536425521573530,,18251862050,"925522274,925263529,472691462,1025206770,992200213,999778331"
992200213,氚云授权,王记钢,03443101504729572029,,15050570344,992200213
992200213,氚云授权,金洋玄,01001633480836768106,,18651686660,"916606365,992200213,695333709"
992200213,氚云授权,董士琦,02463619563033304638,,15205243182,"928477290,979987097,992200213,1064805368"
992200213,氚云授权,杨凯,1764352730841607,(材料员)Material handler,15150631060,"917663337,992200213,993244258"
992200213,氚云授权,胡浩宇,01296660112432597983,,15295068929,"712908395,992200213"
992200213,氚云授权,周勋禹,02170439461121453494,,15556965031,"992200213,1064805368"
992200213,氚云授权,梁鑫,2163553842867338,,15951626810,"986933362,992200213,1056665010"
992200213,氚云授权,蔡雷萌,2751636461-1057733301,信息中心,18626455696,"115356367,979987097,992200213"
992200213,氚云授权,薛斌,27103525581086289,,17826626055,"115356367,992200213"
992200213,氚云授权,左晋铭,01442756404623950440,,18684590819,"115356367,992200213"
992200213,氚云授权,汪艳玲,250506300127736457,,17351772387,"115356367,992200213"
992200213,氚云授权,汪平,2605066161884553,(合同控制) Contract Control,18502535239,"917419902,916456296,115356367,992200213"
992200213,氚云授权,杨荣康,186255263226506524,,17768742164,992200213
992200213,氚云授权,王银娥,321248266629630650,(库管) Warehouse Manager,18952050516,"986514064,992200213,695434499,1064084350"
992200213,氚云授权,宋志清,322609536023309785,起重工,13601455412,"932009202,986514064,992200213,1063681482"
992200213,氚云授权,刘伍,3225125005671733,起重工,18455701150,"932009202,986514064,992200213,1063681482"
992200213,氚云授权,滕松,1131644254906057,,13813027892,"404616207,1006635063,992200213"
992200213,氚云授权,陈龙,44323816561233489,,18726368704,"404616207,1006635063,992200213"
992200213,氚云授权,138****4682,3140445928-1674905646,,13813914682,"1,992200213"
992200213,氚云授权,陈永林,02361413314037856935,(材料员)Material handler,18136869157,"917663337,1059268026,992200213"
992200213,氚云授权,曹贝贝,01195325401626488921,,18751962528,"928477290,979987097,992200213"
992200213,氚云授权,李鹏鹏,632462342026711470,,18793977327,"1,992200213"
992200213,氚云授权,杨延兵,02331738014126214055,,18652008780,"1,1059268026,992200213"
992200213,氚云授权,杨知文,145310466526417066,,13585168162,"1,992200213"
992200213,氚云授权,张修彬,195209014424061022,,15951628185,"1,992200213"
992200213,氚云授权,池松政,02526867056727509217,,18725506924,"969026688,992200213"
992200213,氚云授权,刘玲玲,255202395121144152,,13382052899,"969026688,992200213"
992200213,氚云授权,潘永安,256253236028274601,,13914756580,"969026688,992200213"
992200213,氚云授权,朱永昌,253825396426271685,,15951788253,"969026688,992200213"
992200213,氚云授权,张兆杰,02393621222324073738,队长,17327762913,"992200213,1062718208"
992200213,氚云授权,陈玉忠,03462317006237913023,,13770551892,"986514064,992200213,1064084350"
992200213,氚云授权,卢亚男,071333101621167295,(安全员) Safety Officer,15189737117,"917715128,918434824,986514064,992200213,1064024426"
992200213,氚云授权,王佳诚,01194102494329091730,焊工,13813063343,"986514064,992200213,673341699,1062587371"
992200213,氚云授权,吴朝彬,3354353721558051,(施工经理) Construction Manager,18912902029,"563279726,917630468,932009202,986514064,992200213,1064024448"
992200213,氚云授权,蔡婷婷,03392438223733492929,,15062297372,"833438070,992200213"
992200213,氚云授权,李军,1254686565840717,,13913929347,"833438070,992200213"
992200213,氚云授权,汤帆,2018060215884258,,13813383147,"833438070,992200213"
992200213,氚云授权,张香梅,250342123524647980,,13645157728,"833438070,992200213"
992200213,氚云授权,李兰兰,183010312826081742,,13813929701,"723260639,992200213"
992200213,氚云授权,李鑫,024629086859857821,,13951873923,"723260639,992200213"
992200213,氚云授权,孙珍,2031454001754580,,13770541789,"723260639,992200213"
992200213,氚云授权,汤媛,024650665246883383,,13605165381,"723260639,992200213"
992200213,氚云授权,王培云,411350194529143683,,13851559136,"723260639,992200213"
992200213,氚云授权,夏凤琴,01324957472722589471,,13585196845,"723260639,992200213"
992200213,氚云授权,张和玉,283002054124102813,,13951908817,"723260639,992200213"
992200213,氚云授权,笪炎炎,250336191231222378,(技术质量管理) Technical Quality Management,18762289792,"405991742,992200213"
992200213,氚云授权,陈洁,18211131421220537,,13255809558,"115321513,992200213"
992200213,氚云授权,陈淑怡,036062460137867704,,15050572872,"115356367,992200213"
992200213,氚云授权,王顺清,073538596729663638,,15062201504,"115356367,115356366,992200213"
992200213,氚云授权,王晴,024046523865943177,(技术质量管理) Technical Quality Management,15312074089,"971701439,920092548,992200213"
992200213,氚云授权,巫远湖,312356123224275237,(技术质量管理) Technical Quality Management,18021541995,"971701439,920092548,992200213"
992200213,氚云授权,张松松,02464535281924250080,,18751915970,"928185693,992200213"
992200213,氚云授权,郭晓瑙,344343594536495891,领导,15312074008,"928223730,992200213"
992200213,氚云授权,李峰,2938013260843618,,15951622374,"928223730,979987097,992200213"
992200213,氚云授权,于东轩,131714614119982299,项目经理,13601432873,"928223730,979987097,992200213"
992200213,氚云授权,胡志在,01321420351632489170,施工经理,13913943278,"928265754,992200213"
992200213,氚云授权,王文武,02151526043029258634,,15951014469,"928271664,979987097,992200213"
992200213,氚云授权,陈高超,02463335422838236661,,13852282779,"928477290,979987097,992200213"
992200213,氚云授权,高意意,080520406338889144,,15851932196,"928477290,979987097,992200213"
992200213,氚云授权,金雨宏,02445766171637094200,,13814509406,"928477290,992200213"
992200213,氚云授权,孔宇林,02465437434623221060,,18212812379,"928477290,979987097,992200213"
992200213,氚云授权,李静,0906114727858571,,18502555040,"928477290,979987097,992200213"
992200213,氚云授权,刘桂林,01432537123221050285,,15262903995,"928477290,979987097,982215083,992200213"
992200213,氚云授权,龙仕林,02466000023339915707,,18798422459,"928477290,979987097,992200213"
992200213,氚云授权,宁炎,4543431148754989,(设备工程师) Equipment Engineer,15093465230,"928477290,979987097,992200213"
992200213,氚云授权,师志坚,02374867331223916139,,18061840634,"928477290,979987097,992200213"
992200213,氚云授权,王浩先,01102342083529314506,,15903858108,"928477290,979987097,992200213"
992200213,氚云授权,王新海,114934221629260434,施工经理,13813030033,"928477290,979987097,992200213"
992200213,氚云授权,王永兵,095440163729305096,,18606153771,"928477290,979987097,992200213"
992200213,氚云授权,杨知文,02374220150926417066,(仪表工程师) Instrumentation Engineer,18952084317,"928477290,979987097,992200213"
992200213,氚云授权,姚长雷,042312115923329970,,13813026718,"928477290,992200213"
992200213,氚云授权,张博,3653312536776250,(管道技术员)Piping technician,17633610270,"928477290,979987097,992200213"
992200213,氚云授权,周国龙,01314210435721496484,,15987814653,"928477290,979987097,992200213,695333709"
992200213,氚云授权,梁亮,3004382419849485,质量经理,13951037033,"928482276,992200213"
992200213,氚云授权,魏鹏飞,102210602439503870,QAQC Engineer,15055004271,"928482276,979987097,992200213"
992200213,氚云授权,周奥,4604035628692733,(管道数据技术员） Pipeline Data Technician,19858193584,"965585697,928482276,916526421,916456296,979987097,992200213"
992200213,氚云授权,刘少兵,02463301531620947868,经理,13770812382,"928561303,979987097,992200213"
992200213,氚云授权,张滔,024101101200783284,,15587650120,"928319650,979987097,992200213"
992200213,氚云授权,王亚豪,01172463662329085147,,15294643468,"979987097,992200213,695333709,982215083"
992200213,氚云授权,王伟杰,02145769463529079804,,19165533093,"833633102,979987097,992200213"
992200213,氚云授权,王东胜,224611470029078283,综合队,15143292286,"833390114,928319650,979987097,992200213"
992200213,氚云授权,苏品顺,02152045153232892648,综合队,13851701590,"928319650,979987097,992200213"
992200213,氚云授权,沈宗豪,491424660127463227,管道工程师,13046575793,"563704094,979987097,992200213"
992200213,氚云授权,钱余候,01174719092337230673,管理,13655183688,"826522223,979987097,1002871721,992200213"
992200213,氚云授权,彭撷照,544756420724304573,,13141567114,"833633102,979987097,992200213"
992200213,氚云授权,刘子瑞,453368223520950822,,18151250073,"917593636,979987097,992200213"
992200213,氚云授权,刘胜,011153422312684484,(安全员) Safety Officer,17584974346,992200213
992200213,氚云授权,林昌宇,300921615926318034,(电气工程师) Electrical Engineer,13511740574,"979987097,992200213"
992200213,氚云授权,窦勤浩,472555602530859307,合同部实习生,15396825889,"563704094,979987097,992200213"
992200213,氚云授权,朱家亮,290660370026134697,结构工程师,15295378185,"695456497,910900854,917593636,920097226,975390364,993244258,1002985414,992200213"
992200213,氚云授权,周子豪,02432738113321525890,(管道数据技术员） Pipeline Data Technician,18094243697,"917593636,1002985414,695333709,925263529,992200213"
992200213,氚云授权,周冰倩,281721601821434081,(管道排产工程师）Pipeline Scheduling Engineer,15979933285,"917593636,695610336,992200213"
992200213,氚云授权,张哲宇,306549521524099829,,15150579550,"115356366,917593636,842319110,992200213"
992200213,氚云授权,张鑫,013200146756792907,管道工程师,13952734597,"917593636,695333709,992200213"
992200213,氚云授权,张笑,010706424816786417,,18151306531,"115356366,917593636,992200213,993244258"
992200213,氚云授权,张威,1745410818777953,项目经理,15105151967,"824362787,917593636,918164189,975390364,993244258,1002985414,992200213"
992200213,氚云授权,袁成智,01085309060334386603,安全经理,15105182661,"975390364,695456497,404616207,917593636,1002985414,992200213"
992200213,氚云授权,尤芳,1342115644764687,BIM工程师,15212986150,"695610336,917593636,992200213"
992200213,氚云授权,夏国玺,435559651022629804,,18020392279,"917593636,842319110,992200213"
992200213,氚云授权,伍冰艳,544418452620129424,(管道排产工程师）Pipeline Scheduling Engineer,13768039580,"695456497,826048386,824362787,917593636,999778331,992200213"
992200213,氚云授权,吴俣,013944274106688687,(管道排产工程师）Pipeline Scheduling Engineer,18551639737,"695610336,917593636,992200213"
992200213,氚云授权,吴昊,2830435835694358,(管道排产工程师）Pipeline Scheduling Engineer,18118250608,"695456497,910900854,472691462,917593636,695333709,992200213,1073177261"
992200213,氚云授权,汤冉,2534605863881061,,13605163014,"115356366,917593636,992200213,993244258"
992200213,氚云授权,卢佳华,01082046086021165341,管道主管,16651621520,"695456497,917593636,695333709,1005728052,992200213"
992200213,氚云授权,刘念,2012024,设计经理,18351822767,"917593636,920097226,979987097,1002985414,930543102,695610336,992200213"
992200213,氚云授权,林威,033126314807277067761,,18402561426,"115356366,917593636,842319110,992200213"
992200213,氚云授权,韩佳诺,023663100038038672,(管道排产工程师）Pipeline Scheduling Engineer,15951627903,"917593636,918164189,999778331,992200213"
992200213,氚云授权,顾文颖,282309252838360301,(管道排产工程师）Pipeline Scheduling Engineer,17751772087,"695610336,917593636,979987097,992200213"
992200213,氚云授权,董如明,2018149,(管道排产工程师）Pipeline Scheduling Engineer,18405510069,"911392073,695456497,917593636,695333709,992200213,1073177261"
992200213,氚云授权,方祥,4855295738838348,(管道排产工程师）Pipeline Scheduling Engineer,19826566974,"917593636,965585697,993244258,992200213"
992200213,氚云授权,董健,46074958051071202,,17856026297,"930543102,917593636,992200213"
992200213,氚云授权,成哲辉,290752666924835815,(管道排产工程师）Pipeline Scheduling Engineer,13851831352,"842319110,965585697,917593636,992200213"
992200213,氚云授权,蔡正荣,033636643933637697,合同控制经理,18914755925,"695456497,824362787,917593636,826154885,999778331,1002985414,992200213"
992200213,氚云授权,徐正玲,2013062,(管道工程师) Piping Engineer,15050572685,"842319110,917593636,918164189,999778331,992200213"
992200213,氚云授权,范磊,0235156548471070631,(采购经理) Procurement Manager,13813351476,"917663337,992200213"
992200213,氚云授权,王亮,0124400750937091,(材料员)Material handler,15951996778,"563279726,917663337,992200213"
992200213,氚云授权,董家明,595851520333323195,(安全员) Safety Officer,13770816352,"917715128,992200213"
992200213,氚云授权,吴文楷,01471035481521548036,,13814016873,"920092548,992200213"
992200213,氚云授权,吴继朝,090714434521748810,管工,18118811500,"967290735,992200213"
992200213,氚云授权,沈雨雷,205044031927936663,储罐队起重工,13218247063,"919400790,992200213"
992200213,氚云授权,邢凯丰,105332224636252227,储罐队长,13912887943,"919591649,992200213"
992200213,氚云授权,陆冬健,01270409376937638399,储罐队铆工,15262818019,"919659209,992200213"
992200213,氚云授权,周凯荣,170633570021449148,储罐铆工,13921655296,"967574216,992200213"
992200213,氚云授权,李启正,106854053426110178,(材料员)Material handler,18752008262,992200213
992200213,氚云授权,王许珂,173538113729563861,,18833023235,"982215083,992200213"
992200213,氚云授权,张森,2013081,(文控) Document Control,15105150187,"916456296,982215083,992200213"
992200213,氚云授权,冯红猛,413657352921129896,,15106709889,992200213
992200213,氚云授权,李坤,3607025108842198,,17560724110,992200213
992200213,氚云授权,董奎,0258012052321073483,,18712420944,992200213
992200213,氚云授权,吕波,3262533941419520568,,15964112676,992200213
992200213,氚云授权,茅灵杰,094819212933151840,,18806283885,"905974281,936808422,992200213"
992200213,氚云授权,凌辉,0436462121685885,,13814747563,"969972104,992200213"
992200213,氚云授权,侯建彬,141853365020381601,,13419885968,"933562474,992200213"
992200213,氚云授权,吴国帅,02145210046721429724,管工,17516538551,"933562474,992200213"
992200213,氚云授权,张亚珂,174125085824055688,,18613793012,"933562474,992200213"
992200213,氚云授权,蔡秋杰,02232250633433744870,,15050548785,"932744024,992200213"
992200213,氚云授权,徐大磊,214767471324248339,,18795564411,"932744024,992200213"
992200213,氚云授权,陈树祥,02151526043137828540,电气,17361981859,"833633102,992200213"
992200213,氚云授权,张浩,2030043239782921,物资部,18752084473,"833633102,992200213"
992200213,氚云授权,赵登标,01623640442235767585,综合队,18351830841,"833390114,992200213"
992200213,氚云授权,叶鹏,2503520137706841,,17625990081,"1057838779,992200213"
992200213,氚云授权,程凯,014855170055989508,质量经理,13851863864,"925522274,1006635063,992200213,1075346081"
992200213,氚云授权,蒋贵成,02192006036833753414,,17311801482,"404616207,695456497,1006635063,992200213"
992200213,氚云授权,李璐杰,03312630326126366126,,18035675851,"404616207,1006635063,992200213"
992200213,氚云授权,王思浩,2017039,技术负责人,18761812183,"404616207,695456497,1002985414,1006635063,992200213"
992200213,氚云授权,文臣,2400325213838972,,15722420961,"404616207,1006635063,992200213"
992200213,氚云授权,叶德镇,01484508683921453542,管道技术员,19802676911,"695456497,925522274,404616207,1006635063,992200213"
992200213,氚云授权,易昊炘,221029146125950497,,17671768219,"404616207,1006635063,992200213"
992200213,氚云授权,周义洋,212215061921414474,,19972895591,"404616207,695456497,1006635063,992200213"
992200213,氚云授权,茹竟龙,03311150012333298835,施工经理,18851916507,"1002985414,992200213"
992200213,氚云授权,孙书志,174541081223119690,(管道经理) Piping Manager,18052059266,"824362787,918164189,695333709,1002985414,992200213,695434499"
992200213,氚云授权,杨刘洋,01272123102726119003,管道工程师,15090696093,"695456497,404616207,1002985414,115356366,992200213"
992200213,氚云授权,李文照,01110864505326249358,,17625176526,"913495371,992200213"
992200213,氚云授权,陆哲健,241621286937664377,,15371813381,"925522274,1025206770,992200213,1075346081"
992200213,氚云授权,闵行和,251101215837995125,合同控制经理,15151813212,"925263529,925522274,1025206770,992200213,1075346081"
992200213,氚云授权,任俊浩,372011182820091674,施工经理,18851018388,"472691462,826250007,925522274,1025206770,695456497,992200213,1075346081"
992200213,氚云授权,张玉献,250662421324348645,项目经理,13770619270,"826250007,826048386,824362787,925522274,1025206770,992200213"
992200213,氚云授权,周明明,01525618062521601320,(质检员) Quality Inspector,19966515787,"969082000,1025206770,992200213,1075346081"
992200213,氚云授权,于刚,024368055340644428,,18686300421,"925266513,992200213"
992200213,氚云授权,于锐,2905434845661570,,15981186268,"925266513,992200213"
992200213,氚云授权,钱金华,020239186637758990,技术员,15189420315,"826522223,992200213"
992200213,氚云授权,黄磊,12243242321290886,安装工程师,15778067453,"826048386,910900854,472691462,992200213"
992200213,氚云授权,王磊,5327643461947871,,18166712072,"472691462,993244258,992200213"
992200213,氚云授权,王鹏,2824226222957476,技术员,18652815692,"472691462,992200213"
992200213,氚云授权,黄雪峰,521917664140280330,(材料员)Material handler,18795954629,"503995551,992200213"
992200213,氚云授权,叶丽兰,023869035021297481,,18021535630,"503995551,992200213"
992200213,氚云授权,张俊祥,265045593224066555,普工,15036510234,"671172102,992200213"
992200213,氚云授权,陈鑫,0153054004201230627,普工,18568391993,"563509331,992200213"
992200213,氚云授权,陈金康,01411533482838153038,施工经理,13851540190,"563279726,992200213"
992200213,氚云授权,董士琦,01441005655033304638,技术员,18061425902,"563279726,992200213"
992200213,氚云授权,钱海涛,01085460333237477237,(安全员) Safety Officer,15951018400,"563279726,992200213"
992200213,氚云授权,王丽莉,01491759672929079991,计划工程师,15094310671,"563279726,992200213"
992200213,氚云授权,夏莉云,694618522722973815,(合同控制) Contract Control,18952031862,"563279726,992200213"
992200213,氚云授权,杨育光,301532574926481727,仪表主管工程师,13912904974,"563279726,992200213"
992200213,氚云授权,陈熙,69212158051221713,,17605271370,"710103133,992200213"
992200213,氚云授权,吕尊志,324112474721440482,,17601547127,"529073726,992200213"
992200213,氚云授权,于浪,1827201265651420,,18795818511,"529073726,992200213"
992200213,氚云授权,余林高,166666305420382522,,13776510880,"529073726,992200213"
992200213,氚云授权,温明波,01071926355127938941,,18271716738,"712908395,992200213"
992200213,氚云授权,王铭军,246048184229628185,,15716462688,"975301436,992200213"
992200213,氚云授权,陈家乐,02376011544137719458,(管道数据技术员） Pipeline Data Technician,17315135601,"695456497,992200213"
992200213,氚云授权,冯康,2906595237672488,电仪工程师,18212840449,"695456497,1002985414,1006635063,992200213"
992200213,氚云授权,邵瑞刚,01082747393936544753,(管道数据技术员） Pipeline Data Technician,17312266506,"695456497,992200213"
992200213,氚云授权,王子夜,304917603429172887,(管道数据技术员） Pipeline Data Technician,17826272190,"695456497,992200213"
992200213,氚云授权,夏诚,023367500210742571,(管道数据技术员） Pipeline Data Technician,19116948604,"695456497,992200213"
992200213,氚云授权,徐成威,033126336213-1907935954,,13141525810,"930543102,992200213"
992200213,氚云授权,夏斐,2010039,经理,15301585299,"115356366,842319110,916456296,992200213"
992200213,氚云授权,杨悦,026526180449845374,,18951808825,"842319110,992200213"
992200213,氚云授权,陈鑫,51096066211230627,,18050145728,"695333709,992200213"
992200213,氚云授权,聂礼响,01684859421032537299,普工,19052591237,"1033224026,115356366,695333709,992200213,1062587371"
992200213,氚云授权,王井会,666233636029069296,,15805279456,"695434499,992200213"
992200213,氚云授权,李小璐,01332129212326175023,BIM工程师,15895813698,"695610336,992200213"
992200213,氚云授权,徐玮,2108042352787998,,15996337926,"992200213,712908395,1064805368"
992200213,氚云授权,章忠晨,02320529023931016296,,18556210840,"1,1056665010,992200213"
992200213,氚云授权,石林,1727513445978436,,15156031652,"529073726,992200213,1056665010"
992200213,氚云授权,高娟妮,154759526538832199,,15951622784,"833438070,992200213"
992200213,氚云授权,陈岚,25403930561216338,,13151553399,"833438070,992200213"
992200213,氚云授权,徐丹,3036542509778409,,17721482060,"833438070,992200213"
992200213,氚云授权,袁德义,01411533482634361779,,15150690486,"673341699,986514064,992200213,1063717507"
992200213,氚云授权,韩峰,0125563512651229351,电工,13022517110,"967234764,986514064,992200213,1063681482"
992200213,氚云授权,李洋,012114034637847741,,15163275821,992200213
992200213,氚云授权,强振飞,03374448593124253513,,18851201907,"916456296,992200213,1064805368"
992200213,氚云授权,丁建,024724355510643353,,18893264825,"979987097,992200213"
992200213,氚云授权,孟威,47461145748162,,15366997712,"712908395,992200213"
992200213,氚云授权,李汶铖,641764283026313454,,13016950211,"723260639,992200213"
992200213,氚云授权,冯艳兰,01644605651521151564,,18913320625,"1057930633,992200213"
992200213,氚云授权,朱丽莉,283541320226041309,,15951609498,"992200213,1056665010,723260639"
992200213,氚云授权,陈阳志,611009664938188108,,13795913859,"992200213,1"
1073177261,南京工程金陵柴油轻馏分项目,刘军,0437585159672387,,13951812118,1073177261
1073177261,南京工程金陵柴油轻馏分项目,陆一辉,012622023437625423,,15027306776,1073177261
1073177261,南京工程金陵柴油轻馏分项目,张运强,241569385824567946,,15895889905,1073177261
1073177261,南京工程金陵柴油轻馏分项目,王彦臣,240741340329215752,,13813963584,1073177261
1073177261,南京工程金陵柴油轻馏分项目,刘文博,01146735496321023435,,13009894281,1073177261
1073177261,南京工程金陵柴油轻馏分项目,陈世尊,451736281737614844,,18912870410,1073177261
1073177261,南京工程金陵柴油轻馏分项目,曾磊,0367181662848268,,15262201777,1073177261
1073177261,南京工程金陵柴油轻馏分项目,郑江,31450653271177006,,19120719884,1073177261
1073177261,南京工程金陵柴油轻馏分项目,赵留俊,02523136571535752390,,15295555905,1073177261
1073177261,南京工程金陵柴油轻馏分项目,王伟杰,481432542729079804,,18005227182,1073177261
1073177261,南京工程金陵柴油轻馏分项目,张再东,01210834691324069455,,13851940258,1073177261
1073177261,南京工程金陵柴油轻馏分项目,董如明,2018149,(管道排产工程师）Pipeline Scheduling Engineer,18405510069,"911392073,695456497,917593636,695333709,992200213,1073177261"
1073177261,南京工程金陵柴油轻馏分项目,吴昊,2830435835694358,(管道排产工程师）Pipeline Scheduling Engineer,18118250608,"695456497,910900854,472691462,917593636,695333709,992200213,1073177261"
1073177261,南京工程金陵柴油轻馏分项目,林红峰,01326714044226513509,,13951017232,1073177261
